task_ids,text,labels,num_annotators
"[1, 3, 232, 41, 108, 7821, 174, 124, 445, 159]",I. Fogalom meghatározások,"{'5-Könnyen érthető': 11, '1-Nagyon nehezen érthető': 2}",13
"[160, 191, 2, 4, 233, 42, 201, 109, 7822, 175, 125, 446, 735]","e-azonosító szám: A Bank által kibocsátott virtuális kártyaszám, amely e-bank azonosító kártya kibocsátása esetén megegyezik az e-bank azonosító kártya számával. Az e-azonosító szám névre szóló, annak birtokosa csak természetes személy lehet.","{'4-Érthető': 10, '5-Könnyen érthető': 7, '3-Többé/kevésbé megértem': 2, '2-Nehezen érthető': 1}",20
"[736, 161, 192, 3, 5, 234, 43, 202, 110, 7823, 176, 126, 447]","e-bank azonosító kártya: A Bank által kibocsátott, bankkártyának nem minősülő műanyag lap, amely - mint távolról hozzáférést biztosító elektronikus fizetési eszköz - biztosítja, a PIN kód révén, kizárólag az Ügyfél/Felhasználó részére a K&H e-bank interneten keresztül történő igénybevételét. A Bank által kibocsátott azonosító kártya a Bank tulajdonát képezi. Az e-bank azonosító kártya névre szóló, annak birtokosa csak természetes személy lehet.","{'4-Érthető': 7, '5-Könnyen érthető': 2, '3-Többé/kevésbé megértem': 10, '2-Nehezen érthető': 1}",20
"[737, 162, 193, 4, 6, 235, 44, 203, 111, 7824, 177, 127]","Egyszer használatos jelszó: A Bank által az Ügyfél részére SMS üzenetben megküldött, egyszeri belépésre felhasználható jelszó.","{'4-Érthető': 2, '5-Könnyen érthető': 17}",19
"[128, 449, 738, 163, 194, 5, 7, 236, 45, 204, 112, 7825, 178]","Elektronikus banki művelet: Minden olyan megbízás és értesítés, amelyet az Ügyfél/Felhasználó közvetlenül számítógépes kommunikáció alkalmazásával, legalább részben elektronikus jelek formájában ad meg a Bank számára. Az elektronikus banki műveletek során az Ügyfél az aláírását a Bank által jóváhagyott formátumú személyazonosító kódolással helyettesíti.","{'1-Nagyon nehezen érthető': 1, '2-Nehezen érthető': 2, '5-Könnyen érthető': 3, '3-Többé/kevésbé megértem': 11, '4-Érthető': 4}",21
"[160, 1, 225, 291, 260, 102, 134, 104, 12, 209, 7922, 11379, 405, 694]","2. Ügyfélnek tekintendő az a természetes személy, jogi személy vagy jogi személyiséggel nem rendelkező szervezet, akinek az OTP Bank Nyrt. pénzügyi szolgáltatást (ideértve a kiegészítő pénzügyi szolgáltatást is) nyújt, vagy aki az OTP Bank Nyrt. befektetési szolgáltatási tevékenységét (ideértve a kiegészítő szolgáltatását is), vagy a vonatkozó jogszabályok alapján az OTP Bank Nyrt. által nyújtható egyéb szolgáltatását igénybe veszi, illetve aki ilyen szolgáltatás nyújtását kéri az OTP Bank Nyrt.-től.","{'4-Érthető': 4, '3-Többé/kevésbé megértem': 9, '2-Nehezen érthető': 6, '1-Nagyon nehezen érthető': 1}",20
"[161, 2, 226, 292, 261, 103, 135, 105, 13, 210, 7923, 11380, 406, 695]","4. Az OTP Bank Nyrt. az Üzletszabályzatban foglalt jogait és kötelezettségeit mindenkor a hatályos jogszabályok eltérést nem engedő rendelkezéseinek keretei között gyakorolja és teljesíti, az Üzletszabályzat bármely rendelkezése ennek megfelelően értelmezendő.","{'4-Érthető': 8, '1-Nagyon nehezen érthető': 1, '2-Nehezen érthető': 4, '3-Többé/kevésbé megértem': 7}",20
"[162, 3, 227, 293, 262, 104, 136, 106, 14, 211, 7924, 11381, 407, 696]","6. Amennyiben az OTP Bank Nyrt. valamely szolgáltatását megszünteti, az ezen szolgáltatásra az Ügyféllel kötött szerződést 30 napos felmondási idővel jogosult megszüntetni.","{'5-Könnyen érthető': 12, '4-Érthető': 8}",20
"[163, 4, 228, 294, 263, 105, 137, 107, 15, 212, 7925, 11382, 408, 697]","1. Az OTP Bank Nyrt. jogosult meggyőződni az Ügyfél, illetőleg képviselője személyazonosságáról. E célból kérheti, hogy az Ügyfél vagy képviselője személyazonosságát hitelt érdemlően igazolja.","{'5-Könnyen érthető': 9, '4-Érthető': 9, '3-Többé/kevésbé megértem': 1}",19
"[164, 5, 229, 295, 264, 106, 138, 108, 16, 213, 7926, 11383, 409, 698]",2. Az OTP Bank Nyrt. a pénzmosás és a terrorizmus finanszírozása megelőzéséről és megakadályozásáról szóló jogszabály szerinti ügyfél-azonosítás rendjéről hirdetményben tájékoztatja Ügyfeleit.,"{'5-Könnyen érthető': 10, '2-Nehezen érthető': 2, '4-Érthető': 5, '3-Többé/kevésbé megértem': 3}",20
"[165, 6, 230, 296, 265, 107, 139, 109, 17, 214, 7927, 11384, 410, 699]","3. Az OTP Bank Nyrt. - a telefonos csatornán, illetve az OTP Bank Nyrt. honlapján elérhető OTP Chat szolgáltatásban - a mindenkori Soft azonosítás keretében elérhető szolgáltatások köréről szóló Hirdetményekben meghatározott banki és egyéb műveletek lebonyolítását vállalja.","{'3-Többé/kevésbé megértem': 10, '2-Nehezen érthető': 3, '4-Érthető': 5, '5-Könnyen érthető': 2}",20
"[166, 7, 231, 297, 266, 108, 140, 110, 18, 215, 7928, 11385, 411, 700]","5. Az OTP Bank Nyrt. jogosult meggyőződni az Ügyfél képviselőjének képviseleti jogáról. E célból kérheti, hogy az Ügyfél képviselője képviseleti jogát hitelt érdemlően igazolja. Az OTP Bank Nyrt. a hozzá bejelentett képviselőket mindaddig az Ügyfél képviselőjének tekinti, amíg a képviseleti jog visszavonásáról vagy annak egyéb módon történő megszűnéséről szóló írásbeli értesítés az OTP Bank Nyrt. megfelelő szervéhez be nem érkezik. Amennyiben a képviseleti jogot igazoló okiratból kétséget kizáróan ki nem tűnik, úgy a képviselő képviseleti jogának korlátozása – jogszabály ellenkező rendelkezése hiányában – az OTP Bank Nyrt.-vel szemben hatálytalan.","{'1-Nagyon nehezen érthető': 4, '3-Többé/kevésbé megértem': 8, '2-Nehezen érthető': 8}",20
"[167, 8, 232, 298, 267, 109, 141, 111, 19, 216, 7929, 11386, 412, 701]","8. Az OTP Bank Nyrt. a nem Magyarország területén, és nem Magyarország joghatósága alatt készült meghatalmazást a III.8-9. pontban meghatározott formában fogad el. Az OTP Bank Nyrt. a külügyekért felelős miniszter által arra felhatalmazott konzul készítette konzuli tanúsítványt, valamint az arra felhatalmazott tiszteletbeli konzul által készített konzuli tanúsítványt Magyarország területén kiállított okiratnak tekinti.","{'2-Nehezen érthető': 11, '1-Nagyon nehezen érthető': 4, '3-Többé/kevésbé megértem': 3, '4-Érthető': 2}",20
"[168, 9, 233, 299, 268, 110, 142, 112, 20, 217, 7930, 11387, 413, 702]","13. A pénzügyi és egyéb szolgáltatók azonosítási feladatához kapcsolódó adatszolgáltatási háttér megteremtéséről és működtetéséről szóló 2021. évi XLIII. törvényben (a továbbiakban: Afad tv.) foglaltak alapján az OTP Bank Nyrt. a nyilvántartó szerv Afad tv. 14. § (1) bekezdés szerinti közzététele alapján megtagadja a „megbízhatatlan” minősítésű tényleges tulajdonosi adatokkal rendelkező adatszolgáltató által kezdeményezett, négymillió-ötszázezer forintot elérő összegű ügylet teljesítését.","{'4-Érthető': 1, '1-Nagyon nehezen érthető': 9, '3-Többé/kevésbé megértem': 2, '2-Nehezen érthető': 8}",20
"[169, 10, 234, 300, 269, 111, 143, 113, 21, 218, 7931, 11388, 414, 703]","1. Az OTP Bank Nyrt. és az Ügyfél szerződéses kapcsolataikban megfelelően együttműködnek és így a bankügylet szempontjából jelentős tényekről, azok változásáról egymást késedelem nélkül értesítik. Az OTP Bank Nyrt. az együttműködés és a tájékoztatás során az olyan Ügyfél magatartását veszi alapul, aki észszerűen tájékozottan, az adott helyzetben általában elvárható figyelmességgel és körültekintéssel jár el.","{'3-Többé/kevésbé megértem': 11, '2-Nehezen érthető': 3, '4-Érthető': 6}",20
"[704, 170, 11, 235, 270, 112, 144, 114, 22, 219, 7932, 11389, 415]","2. Az ügylettel összefüggő egymáshoz intézett kérdésekre kötelesek legkésőbb 30 napon belül választ adni, és felhívni egymás figyelmét az esetleges tévedésekre, mulasztásokra.","{'5-Könnyen érthető': 12, '2-Nehezen érthető': 1, '4-Érthető': 4, '3-Többé/kevésbé megértem': 2}",19
"[416, 705, 171, 12, 236, 271, 113, 145, 115, 23, 220, 11390]",3. Az OTP Bank Nyrt. bármilyen jog vagy tény fennállását igazoló okirat esetében kérheti 30 (harminc) napnál nem régebbi keltezésű eredeti példány rendelkezésre bocsátását.,"{'5-Könnyen érthető': 10, '3-Többé/kevésbé megértem': 5, '4-Érthető': 3}",18
"[417, 706, 172, 13, 237, 272, 114, 146, 116, 24, 221, 11391]","4. Az OTP Bank Nyrt. hatósági igazolványt és hatósági bizonyítványt az abban foglalt érvényességi idő lejártának napjáig fogad el. Amennyiben az adott ügyletre vonatkozó szerződés, üzletági üzletszabályzat vagy az Üzletszabályzat kifejezetten eltérően nem rendelkezik, érvényességi időt nem tartalmazó hatósági bizonyítványt az OTP Bank Nyrt. kizárólag 30 (harminc) napnál nem régebbi keltezéssel fogad el.","{'3-Többé/kevésbé megértem': 9, '4-Érthető': 4, '2-Nehezen érthető': 5}",18
"[11392, 418, 707, 173, 14, 238, 273, 115, 147, 117, 25, 222]","6. Amennyiben az adott ügyletre vonatkozó szerződés, üzletági üzletszabályzat vagy az Üzletszabályzat kifejezetten eltérően nem rendelkezik, akkor okiraton, nyilatkozaton, értesítésen papír alapú okiratot kell érteni. Az OTP Bank Nyrt. elektronikus okiratot a jogszabályok által előírt körben és a vonatkozó üzletági üzletszabályzatban, egyedi szerződésben meghatározott módon fogad el.","{'2-Nehezen érthető': 5, '4-Érthető': 8, '3-Többé/kevésbé megértem': 5}",18
"[11393, 419, 708, 174, 15, 239, 274, 116, 148, 118, 26, 223]","8. Az OTP Bank Nyrt. nem Magyarország területén, illetve nem Magyarország joghatósága alatt kiállított közokiratot - nemzetközi szerződés eltérő rendelkezése hiányában – kizárólag diplomáciai felülhitelesítéssel ellátott vagy a külföldön felhasználásra kerülő közokiratok diplomáciai vagy konzuli hitelesítésének (felülhitelesítésének) mellőzéséről Hágában, az 1961. október 5. napján kelt egyezmény kihirdetéséről szóló 1973. évi 11. törvényerejű rendelet szabályai szerinti Apostille-záradékkal ellátott formában fogad el.","{'1-Nagyon nehezen érthető': 8, '2-Nehezen érthető': 3, '5-Könnyen érthető': 1, '3-Többé/kevésbé megértem': 6}",18
"[224, 11394, 420, 709, 175, 16, 240, 275, 117, 149, 119, 27]","9. Amennyiben nemzetközi szerződés a külföldön kiállított okiratnak a 8. pontban meghatározottól eltérő formában való elfogadását írja elő, úgy a nemzetközi szerződés fennállását, hatályát és tartalmát az OTP Bank Nyrt. – az Ügyfél közreműködésével – vizsgálja. Ennek keretében az Ügyfelet az OTP Bank Nyrt. felkérheti az Ügyfél által hivatkozott nemzetközi szerződés megjelölésére, annak igazolására, hogy a nemzetközi szerződés személyi, tárgyi és időbeli hatálya az ügyben alkalmazandó, valamint annak közlésére, hogy mely okirati körre vonatkozóan írja elő a nemzetközi szerződés a 8. pontban meghatározottaktól eltérő okirati forma elfogadását.","{'1-Nagyon nehezen érthető': 3, '2-Nehezen érthető': 7, '4-Érthető': 4, '3-Többé/kevésbé megértem': 4}",18
"[225, 11395, 710, 176, 17, 241, 276, 118, 150, 120, 28]","10. Nem magyar nyelven kiállított okirat esetében az OTP Bank Nyrt. jogosult az Ügyféltől az okiratról az Országos Fordító és Fordításhitelesítő Iroda (OFFI), vagy magyarországi szakfordító, vagy szakfordító-lektor által készített hiteles fordítást kérni, amelynek költségei az Ügyfelet terhelik. A szakfordítótól és szakfordító lektortól származó fordítás esetén csatolni kell a szakfordítói és tolmácsi képesítést igazoló okmány másolatát.","{'4-Érthető': 8, '3-Többé/kevésbé megértem': 5, '5-Könnyen érthető': 3, '2-Nehezen érthető': 1}",17
"[226, 11396, 422, 711, 177, 18, 242, 277, 119, 151, 121, 29]","11. Írni nem tudó vagy nem képes személy írásbeli jognyilatkozata abban az esetben érvényes, ha azt közokirat vagy olyan teljes bizonyító erejű magánokirat tartalmazza, amelyen a nyilatkozó fél aláírását vagy kézjegyét bíróság vagy közjegyző hitelesíti, vagy amelyen ügyvéd ellenjegyzéssel vagy két tanú aláírással igazolja, hogy a nyilatkozó fél a nem általa írt okiratot előttük írta alá vagy látta el kézjegyével, vagy az okiraton lévő aláírást vagy kézjegyet előttük saját aláírásának vagy kézjegyének ismerte el. Az olvasni nem tudó, továbbá az olyan személy esetén, aki nem érti azt a nyelvet, amelyen az írásbeli nyilatkozatát tartalmazó okirat készült, az írásbeli jognyilatkozat érvényességének további feltétele, hogy magából az okiratból kitűnjön, hogy annak tartalmát a tanúk egyike vagy a hitelesítő személy a nyilatkozó félnek megmagyarázta.","{'1-Nagyon nehezen érthető': 4, '2-Nehezen érthető': 5, '4-Érthető': 4, '3-Többé/kevésbé megértem': 5}",18
"[227, 11397, 423, 712, 178, 19, 243, 278, 120, 122, 152, 30]","18. Az OTP Bank Nyrt. egyes, jogszabály által eltérő formához nem kötött, kötelezettségvállalással nem járó jognyilatkozatait a nyilatkozat megtételére jogosultak szkennelt aláírásainak dokumentumon történő elhelyezésével teszi meg.","{'1-Nagyon nehezen érthető': 2, '5-Könnyen érthető': 1, '3-Többé/kevésbé megértem': 5, '4-Érthető': 4, '2-Nehezen érthető': 6}",18
"[153, 228, 11398, 424, 713, 179, 20, 244, 279, 121, 123, 31]","21. Az OTP Bank Nyrt. a halál tényéről történő, hitelt érdemlő tudomásszerzést követően a képviselő rendelkezését nem teljesíti. Az Ügyfél elhalálozásának tényéről való tudomásszerzést megelőzően, de az Ügyfél halálát követően, a képviselő által kezdeményezett bármely rendelkezésnek az OTP Bank Nyrt. általi teljesítésével összefüggő minden költség, kár, illetve egyéb kötelezettség, jogkövetkezmény az örökösöket és a képviselőt terheli, azért az OTP Bank Nyrt. felelősséget nem vállal.","{'3-Többé/kevésbé megértem': 7, '4-Érthető': 8, '2-Nehezen érthető': 3}",18
"[32, 229, 11399, 154, 425, 714, 180, 21, 245, 280, 122, 124]","23.1 Az Ügyfél kijelenti, hogy ismeri és betartja az OTP Bankcsoport Szankciós Politikáját és az OTP Bank Nyrt. közreműködésével végrehajtott tranzakciókra mindenkor hatályos jogszabályokat.","{'5-Könnyen érthető': 8, '4-Érthető': 4, '3-Többé/kevésbé megértem': 5, '1-Nagyon nehezen érthető': 1}",18
"[33, 230, 11400, 426, 715, 155, 181, 22, 246, 281, 123, 125]","4. A kamat, jutalék, díj és költség - ha jogszabály, a szerződés, hirdetmény vagy üzletági üzletszabályzat eltérően nem rendelkezik - utólag a naptári negyedév utolsó napján esedékes. Ha a szerződés bármely ok miatt negyedév közben jár le vagy szűnik meg, az esedékesség ebben az időpontban bekövetkezik.","{'3-Többé/kevésbé megértem': 4, '5-Könnyen érthető': 6, '4-Érthető': 8}",18
"[34, 231, 11401, 427, 716, 156, 182, 23, 282, 247, 124, 126]","7. Az OTP Bank Nyrt. a jogszabályi előírásoknak megfelelően az egységes értékpapír hozam mutatót (EHM) is közzéteszi, amennyiben erre jogszabály alapján köteles. Az EHM az egyes értékpapír ajánlatok összehasonlítására, az Ügyfél megfelelő tájékoztatására szolgál.","{'5-Könnyen érthető': 2, '2-Nehezen érthető': 2, '4-Érthető': 6, '3-Többé/kevésbé megértem': 7}",17
"[248, 35, 232, 11402, 428, 717, 157, 183, 24, 283, 125, 127]","2. Az OTP Bank Nyrt. által vezetett számlák javára történő bármely fizetés (pl. postai befizetés, betételhelyezés, törlesztés stb.) teljesítésének időpontja az a nap, amelyen a pénz az OTP Bank Nyrt.-hez megérkezik, illetve a pénztárba befizetik.","{'4-Érthető': 6, '3-Többé/kevésbé megértem': 1, '5-Könnyen érthető': 10}",17
"[128, 36, 249, 233, 11403, 429, 718, 184, 25, 158, 284, 126]","1. Az OTP Bank Nyrt. az egyes Ügyfeleiről rendelkezésére álló minden olyan adatot, tényt, információt, amely az Ügyfél személyére, adataira, vagyoni helyzetére, üzleti tevékenységére, gazdálkodására, tulajdonosi, üzleti kapcsolataira, valamint számlájának egyenlegére, forgalmára, továbbá a bankkal kötött szerződésére vonatkozik, - az ügylet jellegétől függően – banktitokként, illetve értékpapírtitokként kezel. Természetes személyek ezen adatai vonatkozásában a személyes adatok védelmére vonatkozó szabályok is alkalmazandók.","{'2-Nehezen érthető': 4, '4-Érthető': 8, '3-Többé/kevésbé megértem': 5}",17
"[159, 129, 37, 250, 234, 11404, 430, 719, 185, 26, 285, 127]","2. A titoktartási kötelezettség – időbeli korlátozás nélkül – az OTP Bank Nyrt. minden vezető tisztségviselőjére és alkalmazottjára, valamint mindazokra vonatkozik, akik az Ügyfelekkel kapcsolatos információkhoz az OTP Bank Nyrt.-vel kapcsolatos tevékenységük során bármilyen módon jutottak hozzá.","{'1-Nagyon nehezen érthető': 1, '5-Könnyen érthető': 8, '4-Érthető': 5, '3-Többé/kevésbé megértem': 3}",17
"[128, 160, 130, 38, 235, 11405, 431, 720, 251, 186, 27, 286]","2. Az okmányok kiszolgáltatása és fizetés esetén az OTP Bank Nyrt. annak teljesít, akit iratainak megvizsgálása alapján az okmányok, illetve a fizetés elfogadására jogosultnak tart.","{'3-Többé/kevésbé megértem': 4, '4-Érthető': 6, '2-Nehezen érthető': 1, '5-Könnyen érthető': 5}",16
"[129, 161, 131, 39, 236, 11406, 432, 721, 252, 187, 28, 287]","3. Az OTP Bank Nyrt. elvárható gondossággal vizsgálja a személyazonosság, a képviseleti jogosultság vagy a meghatalmazás igazolására bemutatott okmányokat. Ezek valódiságáért, illetőleg hamis vagy hamisított voltának gondos vizsgálata melletti fel nem ismerhetőségéért nem vállal felelősséget. Az OTP Bank Nyrt. nem felel az elvárható gondos vizsgálat során sem felismerhető hamis vagy hamisított megbízás teljesítésének következményeiért.","{'3-Többé/kevésbé megértem': 8, '2-Nehezen érthető': 2, '4-Érthető': 5, '5-Könnyen érthető': 1}",16
"[288, 130, 162, 132, 237, 11407, 433, 722, 253, 188, 29]","2. Ha az Ügyfél a megbízásnak meghatározott időpontban való teljesítését igényli vagy az általános gyakorlattól eltérő teljesítést kíván, a megbízáson erre az OTP Bank Nyrt. figyelmét fel kell hívnia. A megbízásokat az Ügyfél olyan időpontban tartozik az OTP Bank Nyrt.-nek átadni, hogy a teljesítéshez szükséges idő az OTP Bank Nyrt. rendelkezésére álljon.","{'3-Többé/kevésbé megértem': 6, '4-Érthető': 7, '5-Könnyen érthető': 1, '2-Nehezen érthető': 1}",15
"[289, 131, 163, 133, 238, 11408, 434, 723, 254, 189, 30]","3. Ha az Ügyfél a teljesítéshez szükséges adatokat tévesen, hiányosan, vagy késedelmesen adja meg, az ebből eredő kárért az OTP Bank Nyrt. nem felel.","{'5-Könnyen érthető': 13, '3-Többé/kevésbé megértem': 1, '4-Érthető': 1}",15
"[290, 255, 132, 164, 134, 239, 11409, 435, 724, 190, 31]","5. Az Ügyfél terhére érkező fizetési megbízásokon a közlemény rovatban feltüntetett adatokat, vagy utasításokat – mivel azok a fizetés címzettjének szólnak – az OTP Bank Nyrt. nem vizsgálja, jogait és kötelezettségeit ezek nem érintik.","{'5-Könnyen érthető': 7, '1-Nagyon nehezen érthető': 1, '4-Érthető': 6, '3-Többé/kevésbé megértem': 1}",15
"[32, 256, 291, 133, 165, 135, 240, 11410, 436, 725, 191]","9. Felmondás esetén a bankszámla egyenlege és a nyilvántartott követelések esedékessé válnak, és az Ügyfél köteles az OTP Bank Nyrt.-t felmenteni minden olyan kötelezettség alól, amelyet az Ügyfél érdekében vagy az Ügyfél utasítása alapján vállalt. Ha az OTP Bank Nyrt. felmentése a kötelezettségek alól nem lehetséges, az Ügyfél köteles az OTP Bank Nyrt. által meghatározott biztosítékot nyújtani.","{'2-Nehezen érthető': 5, '3-Többé/kevésbé megértem': 4, '5-Könnyen érthető': 1, '4-Érthető': 5}",15
"[192, 33, 257, 292, 134, 166, 136, 241, 11411, 437, 726]",2. Az elhelyezett betétek kamata után fizetendő közterhek részletes szabályait külön Hirdetmény tartalmazza.,"{'4-Érthető': 4, '5-Könnyen érthető': 9, '2-Nehezen érthető': 1, '3-Többé/kevésbé megértem': 1}",15
"[193, 34, 258, 293, 135, 167, 137, 242, 11412, 438, 727]","5. Az Ügyfél kötelezettsége, hogy a betétként elhelyezett összeget a szerződésben vállalt időtartamig az OTP Bank Nyrt.-nél betétként tartsa. E kötelezettség megszegése a kamatra való jogosultság részbeni vagy egészbeni elvesztésével járhat.","{'3-Többé/kevésbé megértem': 4, '4-Érthető': 8, '5-Könnyen érthető': 2, '2-Nehezen érthető': 1}",15
"[194, 35, 259, 294, 136, 168, 138, 243, 11413, 439, 728]",6. A kamatot az OTP Bank Nyrt. a betétösszeg elhelyezésének napjától kezdődően számítja. Az utolsó kamatnap a betét lejáratát/felvételét megelőző nap.,"{'4-Érthető': 4, '5-Könnyen érthető': 8, '3-Többé/kevésbé megértem': 3}",15
"[195, 36, 260, 295, 137, 169, 139, 244, 11414, 440, 729]","8. Az OTP Bank Nyrt.-nél elhelyezhető különböző betétek fajtáiról, ezek elhelyezésének általános szabályairól és feltételeiről külön üzletági üzletszabályzatok rendelkeznek.","{'5-Könnyen érthető': 6, '4-Érthető': 7, '3-Többé/kevésbé megértem': 2}",15
"[196, 37, 261, 296, 138, 170, 140, 245, 441, 730]","11. Az OBA által nyújtott biztosítás nem terjed ki az olyan betétre, amelyről a bíróság jogerős ítélettel megállapította, hogy az abban elhelyezett összeg pénzmosásból származik, valamint a hitelintézet szavatoló tőkéjére, továbbá a hitelintézet által kibocsátott hitelviszonyt megtestesítő értékpapírra és saját váltóra.","{'4-Érthető': 4, '3-Többé/kevésbé megértem': 7, '2-Nehezen érthető': 1, '5-Könnyen érthető': 1, '1-Nagyon nehezen érthető': 1}",14
"[197, 38, 262, 297, 139, 171, 141, 246, 11416, 442, 731]","12. A XII. 10. a) és c) pontjától eltérően az OBA által nyújtott biztosítás kiterjed a helyi önkormányzat, valamint a helyi önkormányzat által alapított költségvetési szerv betétjére, amennyiben a tárgyévet két évvel megelőző évi beszámolója adatai alapján a helyi önkormányzat költségvetési főösszege nem haladja meg az ötszázezer eurót.","{'1-Nagyon nehezen érthető': 4, '3-Többé/kevésbé megértem': 6, '4-Érthető': 1, '2-Nehezen érthető': 4}",15
"[198, 39, 263, 298, 140, 172, 142, 247, 11417, 443, 732]","20. A betétekből kifizetés mindig a legrégebben elhelyezett összegből történik. Ez azt jelenti, ha egy betétben államilag garantált és az OBA által biztosított összeg is van, a kifizetések mindig az államilag garantált betétet csökkentik. A betétek jogfolytonos átvezetés esetén megőrzik garanciájukat, tehát az államilag garantált betétek továbbra is államilag garantáltak maradnak.","{'3-Többé/kevésbé megértem': 5, '2-Nehezen érthető': 8, '4-Érthető': 2}",15
"[199, 40, 264, 299, 141, 173, 143, 248, 11418, 444, 733]","5. Az OTP Bank Nyrt. a hitelnyújtás feltételeként szabhatja, hogy az Ügyfél köteles beszámolni valamennyi, más hitelintézetnél és/vagy pénzforgalmi szolgáltatónál lévő bankszámlájáról, fizetési számlájáról, valamint esetleges egyéb üzleti érdekeltségeiről; illetve azt, hogy az Ügyfél tartozásának fennállása alatt rendszeresen az OTP Bank Nyrt. rendelkezésére bocsássa év végi, valamint évközi üzleti mérlegeit. A hitel nyújtása előtt és annak lejárati ideje alatt az OTP Bank Nyrt. jogosult és köteles tájékozódni a hitelfelvevő, illetve a kezes, egyéb biztosítékot nyújtó vagyoni viszonyairól, üzleti eredményeiről és várható fejlődéséről, a hitelkövetelést biztosító mellékkötelezettségek értékéről és érvényesíthetőségéről.","{'1-Nagyon nehezen érthető': 2, '2-Nehezen érthető': 7, '3-Többé/kevésbé megértem': 5, '4-Érthető': 1}",15
"[129, 450, 739, 164, 195, 6, 8, 205, 46, 113, 7826, 179]","Felhasználó: K&H vállalkozói e-bank szolgáltatás esetében az Ügyfél által, a szolgáltatásra irányadó feltételek szerint elektronikus banki műveletek végzésére felhatalmazott bármely személy.","{'4-Érthető': 7, '5-Könnyen érthető': 4, '2-Nehezen érthető': 4, '3-Többé/kevésbé megértem': 5}",20
"[130, 451, 740, 165, 196, 7, 9, 206, 47, 114, 7827, 180]","Hirdetmény: A Bank által az ügyfélforgalom számára nyitva álló helyiségében, a szolgáltatások igénybevételeinek feltételeit tartalmazó közlemény. A Hirdetmény tartalmazza többek között a szolgáltatások tartalmát, az igénybevételéhez szükséges eszközök paramétereit, illetve a díjakat, jutalékokat.","{'3-Többé/kevésbé megértem': 5, '5-Könnyen érthető': 4, '4-Érthető': 9, '2-Nehezen érthető': 2}",20
"[131, 452, 741, 166, 197, 8, 10, 207, 48, 115, 7828, 181]","Hozzáférési jog: A Felhasználó azon joga, mely egyértelműen meghatározza, hogy a Felhasználó a K&H e-bank szolgáltatás keretében milyen típusú elektronikus banki műveleteket végezhet.","{'5-Könnyen érthető': 12, '4-Érthető': 7, '3-Többé/kevésbé megértem': 1}",20
"[132, 453, 742, 167, 198, 9, 11, 208, 49, 116, 7829, 182]","Induló sms aktivizáló kód: A Bank az Ügyfél részére az e-azonosító számmal együtt átadott egyszer használatos jelszó, amelynek megküldésével az Ügyfél aktiválja az e-azonosító számát és megkapja az e- bank felületre történő első belépéshez szükséges egyszer használatos jelszót a banktól sms-ben.","{'3-Többé/kevésbé megértem': 6, '5-Könnyen érthető': 9, '4-Érthető': 4, '2-Nehezen érthető': 1}",20
"[133, 454, 743, 168, 199, 10, 12, 209, 50, 117, 7830, 183]","K&H e-bank szolgáltatás: A Bank által az Ügyfelek részére nyújtott szolgáltatás, amely során az Ügyfelek a kapcsolódó kondíciókról az ide vonatkozó Hirdetményekben meghatározott, és K&H lakossági e-bank szolgáltatás esetén az https://ebank.khb.hu/lakossag, K&H trambulin e-bank szolgáltatás esetén az https://ebank.khb.hu/trambulin, K&H vállalkozói e-bank szolgáltatás esetén a https://ebank.khb.hu/vallalat internetes címen elérhető szolgáltatásokat vehetik igénybe.","{'1-Nagyon nehezen érthető': 1, '5-Könnyen érthető': 1, '4-Érthető': 5, '2-Nehezen érthető': 8, '3-Többé/kevésbé megértem': 5}",20
"[134, 455, 744, 169, 200, 11, 13, 210, 51, 118, 7831, 184]",Meghajtó program: A chipkártya-olvasó üzemeltetéséhez szükséges program.,"{'5-Könnyen érthető': 14, '4-Érthető': 4, '3-Többé/kevésbé megértem': 1, '2-Nehezen érthető': 1}",20
"[135, 745, 170, 201, 12, 14, 211, 52, 119, 7832, 185]",Minimális konfiguráció: A szolgáltatás igénybevételéhez szükséges minimális technikai feltételek.,"{'5-Könnyen érthető': 16, '3-Többé/kevésbé megértem': 1, '1-Nagyon nehezen érthető': 1, '2-Nehezen érthető': 1}",19
"[136, 457, 746, 171, 202, 13, 15, 212, 53, 120, 7833, 186]","Nyilvános helyen történő üzemeltetés: Bármely a banki, illetőleg az otthoni számítógép-használat körén kívül eső hely.","{'5-Könnyen érthető': 18, '4-Érthető': 1, '3-Többé/kevésbé megértem': 1}",20
"[137, 458, 747, 172, 203, 14, 16, 213, 54, 121, 7834, 187]",Olvasó: A szolgáltatás igénybevételéhez szükséges chipkártya-olvasó.,"{'5-Könnyen érthető': 18, '3-Többé/kevésbé megértem': 2}",20
"[138, 459, 748, 173, 204, 15, 17, 214, 55, 122, 7835, 188]","PIN kód (Personal Identification Number): Az a szigorú biztonsági előírások mellett készített, újra elő nem állítható, adott személyre vonatkozó titkos személyi azonosító kód, amelyet a Bank az Ügyfél/Felhasználó részére eljuttat, és amely lehetővé teszi az azonosító kártya használatával a szolgáltatás igénybevételét.","{'4-Érthető': 10, '5-Könnyen érthető': 8, '3-Többé/kevésbé megértem': 2}",20
"[139, 460, 749, 174, 205, 16, 18, 215, 56, 123, 7836, 189]","Ügyfél: A szolgáltatás alapjául szolgáló bankszámlaszerződéssel rendelkező természetes személy, illetve gazdálkodó és egyéb szervezetek.","{'5-Könnyen érthető': 12, '4-Érthető': 5, '3-Többé/kevésbé megértem': 2}",19
"[140, 461, 750, 175, 206, 17, 19, 216, 57, 124, 7837, 190]","Üzemeltető: Az, aki a Banktól függetlenül biztosítja a szolgáltatás eléréséhez szükséges, Hirdetményben meghatározott eszközöket.","{'3-Többé/kevésbé megértem': 2, '5-Könnyen érthető': 9, '4-Érthető': 6, '2-Nehezen érthető': 2}",19
"[192, 142, 463, 752, 177, 208, 19, 21, 218, 59, 126, 7839]","2.1 A Bank a vonatkozó ÁSZF, a vonatkozó Hirdetmény és a Bank Üzletszabályzatának Ügyfél/Felhasználó általi elfogadásával K&H e-bank szolgáltatást nyújt az Ügyfél/Felhasználó részére, s e szolgáltatások igénybevételéhez – az Ügyfél rendelkezésének megfelelően – e-bank azonosító kártyát vagy – az ügyfél választása szerint - e-azonosító számot bocsát ki.","{'2-Nehezen érthető': 9, '3-Többé/kevésbé megértem': 7, '4-Érthető': 3}",19
"[7840, 193, 143, 464, 753, 178, 209, 20, 22, 219, 60, 127]","2.2 Az Ügyfél köteles rendelkezni az e-bank szolgáltatás igénybevételéhez szükséges, a Bank által meghatározott berendezésekkel, illetőleg ilyen berendezések használatára jogosultnak kell lennie. Ezen berendezések valamint a szolgáltatás igénybevételéhez szükséges egyéb eszközök műszaki jellemzőit, használatát az Ügyfél köteles megismerni.","{'4-Érthető': 7, '5-Könnyen érthető': 4, '3-Többé/kevésbé megértem': 4, '2-Nehezen érthető': 3, '1-Nagyon nehezen érthető': 1}",19
"[128, 7841, 194, 144, 465, 754, 179, 210, 21, 23, 220, 61]",2.3 Az Ügyfél/Felhasználó az e-bank szolgáltatás keretében banki szolgáltatásokat vehet igénybe. A szolgáltatási kört a Bank ügyfélforgalom számára nyitva álló helyiségeiben és az interneten közzétett Hirdetmény tartalmazza.,"{'5-Könnyen érthető': 8, '4-Érthető': 6, '3-Többé/kevésbé megértem': 4, '2-Nehezen érthető': 1}",19
"[129, 7842, 195, 145, 466, 755, 180, 211, 22, 24, 221, 62]","2.4 A Bank a szolgáltatások igénybevételéért a Hirdetményben meghatározott díjakat, költségeket vagy jutalékokat számítja fel. A Bank jogosult az esedékes díjakat, jutalékokat illetve költségeket a Hirdetményben meghatározott időpontban az Ügyfél bankszámlájára terhelni. A Hirdetményben közzétett díjak, költségek, jutalékok nem tartalmazzák a szolgáltatások igénybevételével végrehajtott tranzakcióknak a vonatkozó Hirdetményben meghatározott mértékű díjait, költségeit, jutalékait.","{'3-Többé/kevésbé megértem': 10, '2-Nehezen érthető': 5, '4-Érthető': 2, '5-Könnyen érthető': 2}",19
"[130, 7843, 196, 146, 467, 756, 181, 212, 23, 25, 222, 63]","2.5 Az Ügyfél a Bankkal szemben, a jelen ÁSZF alapján keletkező valamennyi fizetési kötelezettségének köteles esedékességkor, illetve felmerülésekor eleget tenni. A Bank jogosult arra, hogy az Ügyféllel szemben keletkező követelését az Ügyfél banknál vezetett bármely számlájával szemben elszámolja, illetve az Ügyfél egyéb számláján alapuló, vagy a Bankkal szemben egyébként fennálló követelésébe beszámítsa.","{'4-Érthető': 7, '3-Többé/kevésbé megértem': 11, '1-Nagyon nehezen érthető': 1}",19
"[64, 131, 7844, 197, 147, 468, 757, 182, 213, 24, 26, 223]","2.6 A szolgáltatás igénybevételére az Ügyfél/Felhasználó attól a naptól kezdve jogosult, amely napon a szolgáltatás igénybevételéhez szükséges e-bank azonosító kártyát, valamint a PIN kódot átvette, illetőleg e-azonosító szám igénylése esetén az e-azonosító számról és a hozzá kapcsolódó induló sms aktivizáló kódról az igénylés és a Bank által kibocsátott tájékoztató levél egy példányának átvételekor értesült.","{'5-Könnyen érthető': 4, '4-Érthető': 6, '3-Többé/kevésbé megértem': 7, '2-Nehezen érthető': 2}",19
"[224, 65, 132, 7845, 198, 148, 469, 758, 183, 214, 25, 27]","2.7 A Bank az e-bank azonosító kártya, az e-azonosító szám valamint a szolgáltatás igénybevételéhez szükséges chipkártya-olvasó átvételéről és módjáról értesíti az Ügyfelet/Felhasználót. Amennyiben az Ügyfél a Bank mindenkori értesítése alapján nem veszi át az elkészített e-bank azonosító kártyát, illetve az e-azonosító számot, a Bank az ebből származó károkért (különösen az e-bank azonosító kártya, illetve e-azonosító szám használati idejének rövidülése) felelősséget nem vállal. A Bank az át nem vett e-bank azonosító kártya, illetve e-azonosító szám vonatkozásában is érvényesíti az e-bank azonosító kártya, illetve e-azonosító szám Hirdetményben meghatározott díját.","{'2-Nehezen érthető': 7, '4-Érthető': 5, '3-Többé/kevésbé megértem': 5, '1-Nagyon nehezen érthető': 2}",19
"[225, 66, 215, 133, 7846, 199, 149, 470, 759, 184, 26, 28]","2.8 Az Ügyfél/Felhasználó az ÁSZF-nek megfelelően igénybe vett szolgáltatás esetén a beazonosítást követően adott utasításokat sajátjaként ismeri el, azokért teljes felelősséget vállal.","{'5-Könnyen érthető': 7, '4-Érthető': 9, '2-Nehezen érthető': 1, '3-Többé/kevésbé megértem': 1}",18
"[226, 67, 134, 7847, 200, 150, 471, 760, 185, 27, 29, 216]",2.11 Az Ügyfél az általa a szolgáltatás használatára felhatalmazott Felhasználókat és hozzáférési jogainak terjedelmét az Adatlap elnevezésű nyomtatványon adja meg a Banknak.,"{'4-Érthető': 10, '5-Könnyen érthető': 7, '2-Nehezen érthető': 1}",18
"[227, 68, 217, 135, 7848, 201, 151, 472, 761, 186, 28, 30]","2.14 Tekintettel arra, hogy az Ügyfél K&H Trambulin 14+ számla esetén korlátozottan cselekvőképes kiskorú személy, a K&H Trambulin e-bank szolgáltatás érvényes igénybevételéhez szükséges, hogy az Ügyfél törvényes képviselője „hozzájáruló nyilatkozatot tegyen és készfizető kezességvállalást vállaljon.","{'4-Érthető': 8, '3-Többé/kevésbé megértem': 7, '5-Könnyen érthető': 2, '2-Nehezen érthető': 1}",18
"[32, 229, 70, 137, 7850, 203, 219, 153, 474, 763, 188, 30]","3.1 A Bank biztosítja az Ügyfél/Felhasználó részére – igényének megfelelően – a Bank tulajdonát képező, a szolgáltatás igénybevételéhez szükséges eszközöket: az e-bank azonosító kártyát és az Olvasót, valamint az ezek használatát bemutató telepítési útmutatót. A szolgáltatás igénybevételét segítő felhasználói kézikönyv lakossági e-bank szolgáltatás esetén a https://ebank.khb.hu/lakossag, trambulin e-bank szolgáltatás esetén a https://ebank.khb.hu/trambulin, míg vállalkozói e-bank szolgáltatás esetén a https://ebank.khb.hu/vallalat oldalon tölthető le. Az olvasó a Bank tulajdonát képezi, az Ügyfél/Felhasználó, mint birtokos azt csak használatba kapja.","{'3-Többé/kevésbé megértem': 6, '4-Érthető': 4, '1-Nagyon nehezen érthető': 2, '2-Nehezen érthető': 6}",18
"[33, 230, 71, 138, 7851, 204, 220, 154, 475, 764, 189, 31]","3.2 Az Ügyfél köteles a Bank által rendelkezésére bocsátott olvasót és e-bank azonosító kártyát rendeltetésének megfelelően használni, annak állagát, épségét megőrizni. Az Ügyfél köteles az olvasóban bekövetkezett károkat a Banknak, a Hirdetmény szerint megtéríteni. Az olvasó és az e-bank azonosító kártya használata során az Ügyfél köteles a Bank által a rendelkezésére bocsátott telepítési útmutató szerint eljárni, az abban meghatározott előírásokat betartani.","{'4-Érthető': 10, '2-Nehezen érthető': 1, '3-Többé/kevésbé megértem': 6}",17
"[32, 34, 231, 72, 139, 7852, 205, 221, 155, 476, 765, 190]","3.3 A Bank fenntartja a jogát arra, hogy az olvasó használata vonatkozásában további előírásokat határozzon meg.","{'5-Könnyen érthető': 14, '4-Érthető': 2}",16
"[33, 35, 232, 73, 140, 7853, 206, 222, 156, 477, 766, 191]","3.4 Az Ügyfél köteles haladéktalanul értesíteni a Bankot az olvasó megrongálódásáról, meghibásodásáról, elvesztéséről, ellopásáról, illetve minden egyéb az olvasót érintő eseményről. Meghibásodás esetén az Ügyfél kérésére a Bank gondoskodik az olvasó cseréjéről.","{'4-Érthető': 7, '5-Könnyen érthető': 8, '3-Többé/kevésbé megértem': 1}",16
"[192, 34, 223, 36, 233, 74, 141, 7854, 207, 157, 478, 767]","3.5 A Bank az e-bank azonosító kártyához PIN kódot mellékel, amelyet az Ügyfél zárt borítékban kap kézhez. A Bank az e-bank azonosító kártyát, a PIN borítékot kizárólag az Ügyfél illetve vállalkozói e- bank esetében a Felhasználó részére adja át, az átadáskor meghatalmazást nem fogad el. A PIN boríték sértetlenségét az e-bank azonosító kártya átvételekor az átvételi elismervényen az Ügyfél/Felhasználó igazolja. Amennyiben az Ügyfél csak e-azonosító számot igényel, az e-azonosító számot és a hozzá kapcsolódó sms aktivizáló kódot a Bank tájékoztató levélben határozza meg, amelyet a Bank kizárólag személyesen az Ügyfél részére adhat át. A tájékoztató levél egy példányának átvételét az Ügyfél aláírásával igazolja.","{'1-Nagyon nehezen érthető': 1, '3-Többé/kevésbé megértem': 6, '4-Érthető': 3, '2-Nehezen érthető': 6}",16
"[768, 193, 224, 35, 37, 234, 75, 142, 7855, 208, 158, 479]","3.6 A Bank a szolgáltatással kapcsolatos problémák, ill. az egyes műveletekkel kapcsolatos észrevételek fogadására és kezelésére telefonos ügyfélszolgálatot tart fenn, melyet az ügyfelek a Hirdetményben meghatározott telefonszámon és ügyfélszolgálati időben érhetnek el.","{'5-Könnyen érthető': 6, '4-Érthető': 8, '3-Többé/kevésbé megértem': 2}",16
"[480, 769, 194, 225, 36, 38, 235, 76, 143, 7856, 209, 159]","3.7 Ha az Ügyfél elektronikus banki műveletet hajt végre, a megbízás vagy értesítés Bankhoz történő érkezési időpontjának a Bank számítógépes rendszere által megállapított és rögzített időpont tekintendő.","{'3-Többé/kevésbé megértem': 1, '5-Könnyen érthető': 6, '1-Nagyon nehezen érthető': 1, '4-Érthető': 7, '2-Nehezen érthető': 1}",16
"[160, 481, 770, 195, 226, 37, 39, 236, 77, 144, 7857, 210]","3.8 A Bank a szolgáltatás igénybevételével végrehajtott tranzakciók teljesítéséről e-bank szolgáltatás esetén, a bankszámla kivonaton értesíti az Ügyfelet.","{'4-Érthető': 7, '5-Könnyen érthető': 8, '2-Nehezen érthető': 1}",16
"[161, 482, 771, 196, 227, 38, 40, 237, 78, 145, 7858, 211]","3.9 A Bank a szolgáltatások igénybevétele útján felvett megbízásokat, az írásbeli megbízásokkal azonos tartalmi követelményekkel fogadja be és kezeli. A hatályos jogszabályi rendelkezéseknek nem megfelelő, hiányos, hibás vagy egyébként nem megfelelő adatokat tartalmazó megbízások teljesítését a Bank jogosult megtagadni.","{'5-Könnyen érthető': 1, '3-Többé/kevésbé megértem': 4, '4-Érthető': 8, '2-Nehezen érthető': 3}",16
"[162, 483, 772, 197, 228, 39, 41, 238, 79, 146, 7859, 212]","3.10 A Bank nem vállal felelősséget a szolgáltatások nyújtása során felmerült technikai hibákért, illetve a tranzakciók ebből eredő sikertelenségéért.","{'5-Könnyen érthető': 11, '4-Érthető': 4, '3-Többé/kevésbé megértem': 1}",16
"[163, 484, 773, 198, 229, 40, 42, 239, 80, 147, 7860, 213]","3.11 Azon megbízások teljesítését, melyek rögzítése közben valamely technikai probléma merül fel, és ezáltal a megbízás megerősítése és/vagy végrehajtásának visszaigazolása elmarad, a Bank jogosult megtagadni.","{'3-Többé/kevésbé megértem': 3, '5-Könnyen érthető': 7, '4-Érthető': 5, '2-Nehezen érthető': 1}",16
"[164, 485, 774, 199, 230, 41, 43, 240, 81, 148, 7861, 214]","3.12 Amennyiben az Ügyfél az e-bank azonosító kártyát, az e-azonosító számot, a PIN kódot, illetve az sms aktivizáló kódot, valamint az egyszer használatos jelszót nem titkosan, nem megfelelő gondossággal kezeli, vagy más használatába adja, illetve más tudomására hozza, az ebből eredő károk az Ügyfelet terhelik, ezekért a Bank felelősséget nem vállal.","{'3-Többé/kevésbé megértem': 4, '4-Érthető': 8, '5-Könnyen érthető': 3, '2-Nehezen érthető': 1}",16
"[165, 486, 775, 200, 231, 42, 44, 241, 82, 7862, 215]","3.13 A szolgáltatás igénybevételével történő rendelkezésekhez a jogosultság igazolása az e-bank azonosító kártya, és a PIN kód, illetve az e-azonosító szám és az egyszer használatos jelszó együttes használatával történik. A Bank nem vizsgálja az e-bank azonosító kártya, és a PIN kód, illetve az e- azonosító szám és az egyszer használatos jelszó használójának a használatra vonatkozó jogosultságát, illetve a használat körülményeit. Az illetéktelen használatból eredő károkért a Bank nem tartozik felelősséggel.","{'3-Többé/kevésbé megértem': 8, '4-Érthető': 5, '2-Nehezen érthető': 1, '5-Könnyen érthető': 1}",15
"[166, 487, 776, 201, 232, 43, 45, 242, 83, 7863, 216]","3.14 Az Ügyfél köteles az általa adott megbízások szükséges fedezetének a teljesítés időpontjában történő rendelkezésre állásáról gondoskodni, ideértve a megbízások teljesítése esetére felszámítandó azon mindenkori díjak, költségek összegét is, melyek a megbízás teljesítésével egyidejűleg esedékesek. Amennyiben a megbízások költségeinek fedezetére az ügyfél számlája nem szolgál megfelelő fedezetül, a Bank jogosult a megbízás teljesítését visszautasítani.","{'3-Többé/kevésbé megértem': 7, '1-Nagyon nehezen érthető': 2, '4-Érthető': 3, '2-Nehezen érthető': 3}",15
"[167, 488, 777, 202, 233, 44, 46, 243, 84, 7864, 217]",3.15 A Bank a szolgáltatások igénybevétele útján felvett megbízásokat a megbízások befogadásának és teljesítésének rendjéről szóló Hirdetményében meghatározott határidőn belül teljesíti.,"{'5-Könnyen érthető': 5, '4-Érthető': 7, '2-Nehezen érthető': 2, '3-Többé/kevésbé megértem': 1}",15
"[168, 489, 778, 203, 234, 45, 47, 244, 85, 7865, 218]","3.16 A Bank a szolgáltatások igénybevétele útján megadott megbízást és azok teljesítését számítástechnikai rendszere útján rögzíti. Az Ügyfél/Felhasználó elfogadja a Bank rendszerében rögzített adatok valódiságát, esetleges jogvita esetén bizonyítékként ismeri el azokat, mind a megbízás megadására, mind annak teljesítésére vonatkozóan.","{'4-Érthető': 6, '3-Többé/kevésbé megértem': 5, '2-Nehezen érthető': 3, '5-Könnyen érthető': 1}",15
"[169, 490, 779, 204, 235, 46, 48, 245, 86, 7866, 219]","3.17 A Bank minden elvárhatót megtesz annak érdekében, hogy az Ügyfél adatai – elektronikus úton történő adattovábbítás esetén - illetéktelen személyek részére ne lehessenek hozzáférhetőek. Az Ügyfél tudomásul veszi, hogy amennyiben valamely adat a Bank elvárható gondossága ellenére harmadik személy részére hozzáférhetővé válik, az ebből eredő kárért a Bankkal szemben igényt nem támaszt.","{'4-Érthető': 7, '5-Könnyen érthető': 3, '3-Többé/kevésbé megértem': 5}",15
"[170, 491, 780, 205, 236, 47, 49, 246, 87, 7867, 220]","3.18 Az Ügyfél haladéktalanul köteles bejelenteni a Banknak, ha azt észleli, hogy a számlakivonaton jogosulatlan műveletet tűntettek fel. A reklamáció a Bankkal szembeni kötelezettségekre nem jelent halasztási lehetőséget. A bejelentést az Ügyfél írásban, a Bank bármely fiókjában megteheti.","{'5-Könnyen érthető': 3, '4-Érthető': 7, '2-Nehezen érthető': 3, '3-Többé/kevésbé megértem': 2}",15
"[171, 492, 781, 206, 237, 48, 50, 247, 88, 7868, 221]","3.19 A Bank nem felel azokért az eseményekért, nem teljesítésekért, amelyek abból adódnak, hogy Ügyfél nem vagy nem megfelelően alkalmazza az e-bank azonosító kártyát, az e-azonosító számot, illetve az olvasót, vagy nem a rendeltetésszerű használatukhoz szükséges környezetben alkalmazza azokat. Rendeltetésszerű használathoz szükséges környezeten az ÁSZF-ben meghatározott paraméterű eszközöket, a Bank által rendelkezésre bocsátott telepítő program komponenseit valamint az ezek állandó használatára alkalmas mindenkori technikai környezetet kell érteni.","{'2-Nehezen érthető': 7, '3-Többé/kevésbé megértem': 5, '1-Nagyon nehezen érthető': 2, '4-Érthető': 1}",15
"[172, 493, 782, 207, 238, 49, 51, 248, 89, 7869, 222]","3.20 A Bank kizárja felelősségi köréből azokat a káreseményeket is, amelyek abból erednek, hogy az Ügyfél nem az előírt módon kezeli, tárolja, használja az e-bank azonosító kártyát, az e-azonosító számot, az sms aktivizáló kódot és az egyszer használatos jelszót, illetve a PIN kódot.","{'5-Könnyen érthető': 4, '4-Érthető': 9, '2-Nehezen érthető': 1, '3-Többé/kevésbé megértem': 1}",15
"[173, 494, 783, 208, 239, 50, 52, 249, 90, 7870, 223]","3.21 A Bank fenntartja a jogot, hogy alkalomszerűen - rendszerkarbantartás miatt – rövid időre nem biztosítja a rendszer rendelkezésre állását. A Bank vállalja, hogy az előrelátható szüneteltetés időpontjáról a rendszeren keresztül tájékoztatja az Ügyfelet/Felhasználót. A szüneteltetésből adódó esetleges károkért a Bank nem vállal felelősséget.","{'4-Érthető': 6, '5-Könnyen érthető': 7, '3-Többé/kevésbé megértem': 1}",14
"[224, 174, 495, 784, 209, 240, 51, 53, 250, 91, 7871]",3.22 A Bank az Ügyfél bármely okból benyújtott panaszának megalapozottságát saját hatáskörben vizsgálja meg és dönt a szükséges intézkedésekről. A Bank az Ügyfél panaszának elbírálásáról 15 napon belül küld értesítést.,"{'5-Könnyen érthető': 9, '4-Érthető': 5}",14
"[7873, 226, 176, 497, 786, 211, 242, 53, 55, 252, 93]",4.1 K&H lakossági e-bank esetében a 2003. január 1. előtt kiadott e-bank azonosító kártyák lejáratának ideje a kártyán év és hónap szerint van feltüntetve. Az ezt követő időpont után legyártott e-bank azonosítók kártyák esetében az érvényességi idő feltüntetésének módja hónap/év. Az e-bank azonosító kártya a lejárati hónap utolsó nap 24.00 óráig érvényes. A lejárati idő az e-bank azonosító kártyán látható módon kerül feltüntetésre.,"{'4-Érthető': 7, '5-Könnyen érthető': 2, '1-Nagyon nehezen érthető': 1, '3-Többé/kevésbé megértem': 4}",14
"[7874, 227, 177, 498, 787, 212, 243, 54, 56, 253, 94]","4.2 Az e-bank azonosító kártyát, illetve az e-azonosító számot kizárólag az Ügyfél/Felhasználó jogosultó használni, az át nem ruházható, illetve tilos azt biztosítékul zálogba adni, vagy óvadékként letétbe helyezni.","{'4-Érthető': 7, '5-Könnyen érthető': 6, '1-Nagyon nehezen érthető': 1}",14
"[7875, 228, 178, 499, 788, 213, 244, 55, 57, 254, 95]","4.3 K&H lakossági e-bank esetében a 2003. január 1. előtt kiadott e-bank azonosító kártya nyolc egymást követő sikertelen PIN kód megadást követően biztonsági okból blokkolódik. Az ezt követő időpont után legyártott e-bank azonosítók kártyák, illetve az e-azonosító szám használata esetén a blokkolás három sikertelen próbálkozást követően következik be. A blokkolást kizárólag a Bank tudja feloldani, az e-bank azonosító kártya honos bankfiókban történt leadását követően. Az e-bank azonosító kártya, illetve az e- azonosító szám blokkolás feloldásának díját a Hirdetmény tartalmazza.","{'2-Nehezen érthető': 3, '3-Többé/kevésbé megértem': 5, '4-Érthető': 4, '5-Könnyen érthető': 1}",13
"[96, 7876, 229, 179, 500, 789, 214, 245, 56, 58, 255]","4.4 Az Ügyfél az e-bank azonosító kártya, illetve az e-azonosító szám további használatának megakadályozása céljából, köteles haladéktalanul bejelenteni a Banknál, ha észlelte, hogy (a) az e-bank azonosító kártya, illetve az e-azonosító szám kikerült a birtokából, vagy (b) az e-bank azonosító kártya, illetve az e-azonosító szám, a PIN kód, az sms aktivizáló kód valamint az egyszer használatos jelszó, vagy más hasonló azonosító adatai jogosultatlan harmadik személy tudomására jutottak, vagy (c) a bankszámlakivonaton, illetve a számlán jogosulatlan művelet szerepel.","{'2-Nehezen érthető': 4, '5-Könnyen érthető': 2, '3-Többé/kevésbé megértem': 4, '4-Érthető': 3}",13
"[256, 97, 7877, 230, 180, 501, 790, 215, 246, 57, 59]","4.5 A bejelentés megtételére az Ügyfél, letiltásra a Bank jogosult. A Bank a bejelentést elfogadja más személytől is, ha az Ügyfél az intézkedésben gátolva van, és e körülményt a bejelentő valószínűsíteni tudja. A bejelentés alkalmával a tényleges jogosultságot a Bank nem vizsgálja, az illetéktelen bejelentésből eredő károkért a Bank nem felel.","{'2-Nehezen érthető': 2, '5-Könnyen érthető': 2, '4-Érthető': 5, '3-Többé/kevésbé megértem': 4}",13
"[257, 98, 7878, 231, 181, 502, 791, 216, 58, 247, 60]","4.6 A bejelentésnek tartalmaznia kell: (a) természetes személy esetén: az Ügyfél nevét, lakcímét, születési dátumát, igazolvány számát, (b) gazdálkodó és egyéb szervezetek esetén: az Ügyfél cégnevét, székhelyét, adószámát. Pontosan meg kell nevezni a bejelentés alapjául szolgáló eseményt, a bejelentő nevét, továbbá annak kijelentését, hogy a bejelentő kifejezetten kéri az e-bank azonosító kártya, illetve az e-azonosító szám letiltását. A IV.4.4 (c) pontban meghatározott esetben, amennyiben a bejelentő a bejelentéssel egyidejűleg nem kéri a letiltást, a Bank a reklamációra irányadó szabályok szerint jár el. Ha a tényeknek az általában elvárható gondossággal való megítélése alapján a IV.4.4 pontban meghatározott esetek bűncselekmény elkövetése folytán következtek be, az Ügyfél a letiltás kezdeményezésén felül, köteles haladéktalanul a hatáskörrel rendelkező illetékes hatóságnak ezt a gyanút bejelenteni.","{'1-Nagyon nehezen érthető': 6, '2-Nehezen érthető': 5, '3-Többé/kevésbé megértem': 1, '4-Érthető': 1}",13
"[248, 258, 99, 232, 182, 503, 792, 217, 59, 61]","4.7 A bejelentést a Bank telefonos ügyfélszolgálatán lehet megtenni, a hét bármely napján, a nap bármely szakában. A bejelentés akkor tekinthető megtörténtnek, ha a bejelentő a Bank által kért adatokat – legfeljebb az igazolvány szám/adószám kivételével – megadja.","{'5-Könnyen érthető': 8, '3-Többé/kevésbé megértem': 2, '4-Érthető': 2}",12
"[259, 100, 249, 233, 183, 504, 793, 218, 60, 62]","4.8 A Bank a hozzá beérkezett bejelentés alapján azonnal intézkedik a letiltás érdekében. A letiltás akkor lép hatályba, amikor a Bank a letiltással összefüggő intézkedéseket, az ehhez szükséges időn belül megtette. A letiltás megtörténtét követően a szolgáltatás igénybevételének lehetősége az adott Ügyfél számára azonnal megszűnik.","{'4-Érthető': 7, '5-Könnyen érthető': 3, '3-Többé/kevésbé megértem': 2}",12
"[260, 101, 250, 234, 184, 505, 794, 219, 61, 63]","4.9 A letiltás végleges, a már letiltott e-bank azonosító kártya, illetve e-azonosító szám esetleges megtalálása esetén sem használható tovább, azt az Ügyfél köteles a Bank részére visszaszolgáltatni. A letiltás kockázatát, és az abból eredő minden kárt, hogy a letiltott e-bank azonosító kártya, illetve e- azonosító szám nem használható, az Ügyfél viseli. A letiltás elmulasztásából vagy a letiltással kapcsolatos visszaélésből eredő, az Ügyfelet vagy bármely harmadik személyt ért károkért a Bank nem vállal felelősséget.","{'3-Többé/kevésbé megértem': 5, '4-Érthető': 3, '2-Nehezen érthető': 4}",12
"[64, 261, 102, 235, 251, 185, 506, 795, 220, 62]","4.10 A bejelentésekről a Bank megbízható és megváltoztathatatlan nyilvántartást vezet. Az Ügyfél kérelmére a bejelentés tényéről, tartalmáról és időpontjáról a Bank legfeljebb öt évre visszamenőleg igazolást ad ki.","{'5-Könnyen érthető': 6, '4-Érthető': 5, '1-Nagyon nehezen érthető': 1}",12
"[65, 262, 103, 236, 252, 186, 507, 796, 221, 63]","4.11 A letiltás teljesítéséért az Ügyfélnek díjat kell fizetni, amelynek mértékét a Hirdetmény tartalmazza.","{'5-Könnyen érthető': 9, '4-Érthető': 3}",12
"[64, 66, 263, 104, 237, 253, 187, 508, 797, 222]","4.12 A bejelentés megtörténtét megelőzően bekövetkezett kárt az Ügyfél, a bejelentés megtörténtét követően bekövetkezett kárt pedig a Bank viseli. A Bank mentesül a felelőssége alól, ha bizonyítja, hogy a kár az Ügyfél/Felhasználó szándékosan vagy súlyos gondatlansággal okozott szerződésszegése folytán következett be. Ha a kár nem az Ügyfél/Felhasználó szándékos vagy súlyosan gondatlan magatartása folytán következett be, az Ügyfél a bejelentés megtörténtét megelőzően bekövetkezett kárt legfeljebb negyvenötezer forintos mértékig viseli. Az e-bank azonosító kártya, illetve az e-azonosító szám és a PIN kód egyidejű használatával végezhető elektronikus banki művelet tekintetében a kockázatok és költségek minden esetben az Ügyfelet terhelik.","{'2-Nehezen érthető': 4, '3-Többé/kevésbé megértem': 5, '1-Nagyon nehezen érthető': 3}",12
"[65, 67, 264, 105, 238, 254, 188, 509, 798, 223]","4.13 A bejelentés és a letiltás megtörténte, valamint az ehhez kapcsolódó költség- kockázat- és kárviselés tekintetében, irányadó időpontként, a Magyarországon érvényes, a Bank központi rendszerei által mért és rögzített helyi időt kell tekinteni.","{'5-Könnyen érthető': 3, '4-Érthető': 6, '2-Nehezen érthető': 2, '3-Többé/kevésbé megértem': 1}",12
"[224, 66, 255, 68, 265, 106, 239, 189, 510, 799]","4.14 Az e-bank azonosító kártya lejárata előtt a Bank Hirdetményben közzétett díj ellenében gondoskodhat az új e-bank azonosító kártya elkészítéséről, amennyiben az Ügyféltől az e-bank azonosító kártya lejáratát megelőző 45. napig ellenkező írásbeli rendelkezés a Bank részére nem érkezik. Késedelmes rendelkezés esetén a felmerült költségeket az Ügyfél viseli.","{'4-Érthető': 6, '3-Többé/kevésbé megértem': 5, '5-Könnyen érthető': 1}",12
"[800, 225, 256, 67, 69, 266, 107, 240, 190, 511]","4.15 Az új e-bank azonosító kártya az átvételi értesítés és – amennyiben volt e-bank azonosító kártya - a lejárt azonosító kártya Banknak történő visszaszolgáltatatása ellenében, valamint az esetlegesen keletkezett valamennyi tartozás egyidejű rendezését követően vehető át.","{'4-Érthető': 5, '5-Könnyen érthető': 4, '3-Többé/kevésbé megértem': 2, '2-Nehezen érthető': 1}",12
"[512, 801, 226, 257, 68, 70, 267, 108, 241, 191]","4.16 Az elveszett, ellopott, technikailag hibás e-bank azonosító kártya, illetve e-azonosító szám esetén az Ügyfél pótkártya, illetőleg pót-azonosító kibocsátását igényelheti. A Bank jogosult a pótkártya kibocsátását indokolás nélkül megtagadni. Az e-bank azonosító kártya, illetve az e-azonosító szám pótlásának díját a Hirdetmény tartalmazza.","{'4-Érthető': 7, '3-Többé/kevésbé megértem': 4, '5-Könnyen érthető': 1}",12
"[193, 514, 803, 228, 259, 70, 72, 269, 110, 243]","5.1 A Bank tulajdonát képező, a szolgáltatás igénybevételéhez szükséges olvasó külső, nyilvános helyen történő üzemeltetése esetén az Ügyfél/Felhasználó köteles a rendelkezésre bocsátott olvasót rendeltetésének megfelelően használni, annak állagát, épségét megőrizni. Az üzemeltető és az Ügyfél/Felhasználó egyetemlegesen köteles az ennek során az olvasóban bekövetkezett károkat a Banknak megtéríteni. A térítési összeget a Hirdetmény tartalmazza. Az olvasó külső, nyilvános helyen történő használata során az Ügyfél/Felhasználó köteles a Bank által az üzemeltető rendelkezésére bocsátott telepítési útmutató szerint eljárni, az abban meghatározott előírásokat betartani.","{'3-Többé/kevésbé megértem': 4, '4-Érthető': 2, '2-Nehezen érthető': 2, '1-Nagyon nehezen érthető': 3, '5-Könnyen érthető': 1}",12
"[194, 515, 804, 229, 260, 71, 73, 270, 111, 244]","5.2 A Bank fenntartja a jogát arra, hogy az olvasó Ügyfél/Felhasználó általi külső, nyilvános helyen történő használata vonatkozásában további előírásokat határozzon meg, mind az üzemeltető, mind az Ügyfél/Felhasználó relációjában.","{'5-Könnyen érthető': 4, '4-Érthető': 6, '3-Többé/kevésbé megértem': 2}",12
"[195, 516, 805, 230, 261, 72, 74, 271, 112, 245]","5.3 Az üzemeltető köteles haladéktalanul értesíteni a Bankot az olvasó megrongálódásáról, meghibásodásáról, elvesztéséről, ellopásáról, illetve minden egyéb az olvasót érintő eseményről.","{'5-Könnyen érthető': 8, '4-Érthető': 3, '3-Többé/kevésbé megértem': 1}",12
"[196, 517, 806, 231, 262, 73, 75, 272, 113, 246]","5.4 A Bank nem felel azokért az eseményekért, nem teljesítésekért, amelyek abból adódnak, hogy az Ügyfél/Felhasználó nem megfelelően alkalmazza az olvasót.","{'5-Könnyen érthető': 6, '4-Érthető': 6}",12
"[197, 518, 807, 232, 263, 74, 76, 273, 114, 247]","5.5 Az üzemeltető kötelezettséget vállal arra, hogy minden tőle elvárhatót megtesz annak érdekében, hogy kiszűrje az arra jogosultsággal nem rendelkezők általi szolgáltatás igénybevételét, ennek biztosítására folyamatos rendszergazdai felügyeletet tart fenn. A Bank nem vizsgálja az Ügyfélnek/Felhasználónak az olvasó használatára vonatkozó jogosultságát, illetve a használat körülményeit. Az illetéktelen használatból eredő károkozások miatti felelősség kizárólag az üzemeltetőt terheli, az a Bankra semmiképpen sem hárítható át.","{'4-Érthető': 4, '3-Többé/kevésbé megértem': 3, '2-Nehezen érthető': 5}",12
"[198, 519, 808, 233, 264, 75, 77, 274, 115, 248]","5.6 Az e fejezetben előírtak alkalmazandók abban az esetben is, ha az Ügyfél/Felhasználó a szolgáltatást nem az annak igénybevételéhez szükséges banki eszközökkel használja.","{'5-Könnyen érthető': 5, '4-Érthető': 6, '3-Többé/kevésbé megértem': 1}",12
"[520, 809, 234, 76, 78, 116, 249]","VI. A szolgáltatás igénybevételének általános és műszaki feltételei, a meghajtó program telepítése és az olvasó üzembehelyezése","{'5-Könnyen érthető': 4, '4-Érthető': 4}",8
"[200, 521, 810, 235, 266, 77, 79, 276, 117, 250]","6.1 A szolgáltatást azon Ügyfél veheti igénybe, aki a megfelelő számla nyitására és vezetésére vonatkozó, a Bankkal kötött érvényes és hatályos szerződéssel rendelkezik.","{'5-Könnyen érthető': 7, '4-Érthető': 4, '3-Többé/kevésbé megértem': 1}",12
"[201, 522, 811, 236, 267, 78, 80, 277, 118, 251]","6.3 Az Ügyfél az e-bank azonosító kártya és az olvasó bankfióki átvételét követően az olvasóhoz szükséges meghajtóprogramot K&H lakossági e-bank szolgáltatás esetén a https://ebank.khb.hu/lakossag, K&H trambulin e-bank szolgáltatás esetén a https://ebank.khb.hu/trambulin oldalról, míg K&H vállalkozói e-bank szolgáltatás esetén a https://ebank.khb.hu/vallalat Internetes címről letölti, majd a telepítési útmutató szerint telepíti. A telepítést követően a szolgáltatás használható.","{'3-Többé/kevésbé megértem': 6, '2-Nehezen érthető': 4, '4-Érthető': 2}",12
"[202, 523, 812, 237, 268, 79, 81, 278, 119, 252]","6.4 A szolgáltatás használatához szükséges felhasználói kézikönyv letölthető K&H lakossági e-bank szolgáltatás esetén a https://ebank.khb.hu/lakossag, K&H trambulin e-bank szolgáltatás esetén a https://ebank.khb.hu/trambulin oldalról, míg K&H vállalkozói e-bank szolgáltatás esetén a https://ebank.khb.hu/vallalat Internetes címről.","{'3-Többé/kevésbé megértem': 5, '4-Érthető': 4, '5-Könnyen érthető': 3}",12
"[524, 813, 238, 80, 82, 120, 253]",VII. Felhasználók és hozzáférési jogosultságuk K&H vállalkozói e-bank esetében,"{'1-Nagyon nehezen érthető': 1, '5-Könnyen érthető': 6, '2-Nehezen érthető': 1}",8
"[204, 525, 814, 239, 270, 81, 83, 280, 121, 254]",7.1 A Ügyfél az „Adatlap” elnevezésű nyomtatványon adja meg a szolgáltatás használatára felhatalmazott természetes személy Felhasználókat és hozzáférési joguk terjedelmét.,"{'5-Könnyen érthető': 5, '4-Érthető': 6, '3-Többé/kevésbé megértem': 1}",12
"[205, 526, 815, 240, 271, 82, 84, 281, 122, 255]","7.2 A hozzáférési jogok az e-bank azonosító kártyához vannak hozzárendelve, és kizárólag a szolgáltatásra vonatkoznak.","{'5-Könnyen érthető': 7, '4-Érthető': 4, '3-Többé/kevésbé megértem': 1}",12
"[256, 206, 527, 816, 241, 272, 83, 85, 282, 123]","7.3 A hozzáférési jog meghatározásánál kizárólag az Ügyfél felelőssége, hogy a szolgáltatás használatára mely személynek, személyeknek ad felhatalmazást. Az elektronikus banki műveletek teljesítésekor a Bank azt tekinti jogszerű Felhasználónak, akit az Ügyfél a rendelkezésnek megfelelően, a Bank számára ekként bejelentett.","{'4-Érthető': 7, '3-Többé/kevésbé megértem': 4, '5-Könnyen érthető': 1}",12
"[257, 207, 528, 817, 242, 273, 84, 86, 283, 124]","7.4 A Bank az Ügyfél bejelentése alapján központilag beállítja a Felhasználó jogosultságát, és legyártja az e- bank azonosító kártyát, amelyet az adott Felhasználó részére személyesen átad.","{'5-Könnyen érthető': 8, '4-Érthető': 3, '3-Többé/kevésbé megértem': 1}",12
"[258, 208, 529, 818, 243, 274, 85, 87, 284, 125]","7.5 A Felhasználó az érvényes e-bank azonosító kártyával és a hozzá tartozó PIN kód megadásával, a részére meghatározott hozzáférési jog keretén belül, a rendelkezésnek megfelelően végezhet elektronikus banki műveleteket. Az Ügyfél/Felhasználó köteles gondoskodni arról, hogy az e-bank azonosító kártyához, és hozzá tartozó PIN kódhoz kizárólag az arra jogosult személy férhessen hozzá. Az e kötelezettség megszegése következtében előállt károk tekintetében a Bank nem vállal felelősséget.","{'4-Érthető': 6, '3-Többé/kevésbé megértem': 5, '2-Nehezen érthető': 1}",12
"[259, 209, 530, 819, 244, 275, 86, 88, 285, 126]",7.6 A hozzáférési jog lehet: teljes rendelkezési jog a számlák felett.,"{'5-Könnyen érthető': 9, '4-Érthető': 2, '2-Nehezen érthető': 1}",12
"[260, 210, 531, 820, 245, 276, 87, 89, 286, 127]","7.7 Az Ügyfél az „Adatlap” elnevezésű nyomtatvány mellékletében írásban jelezheti a Felhasználó hozzáférési jogának módosítását, megszüntetését, felfüggesztését, illetve a felfüggesztés feloldását, amelyet a Bank egy órán belül telefaxon, a megadott számra visszaigazol. A hozzáférési jog felfüggesztéséért és a felfüggesztés feloldásáért fizetendő díjat a Hirdetmény tartalmazza.","{'4-Érthető': 7, '3-Többé/kevésbé megértem': 5}",12
"[128, 261, 211, 532, 821, 246, 277, 88, 90, 287]","7.8 2005. november 1-je előtt szerződött Ügyfelek esetében az aláírási jogokat 1-10 közötti pontértékkel kell meghatározni, minden aláírási joggal rendelkező Felhasználó tekintetében. A Bank a 10 ponttal aláírt megbízásokat fogadja el. A számlánként definiált aláírások adott számla tekintetében, kizárólag a szolgáltatás igénybevételével indított megbízásokra vonatkoznak. A hozzáférési jog szempontjából cégszintű aláírások, kizárólag a szolgáltatás igénybevételével indított betétfelmondáshoz szükségesek.","{'3-Többé/kevésbé megértem': 7, '2-Nehezen érthető': 3, '1-Nagyon nehezen érthető': 1}",11
"[129, 262, 822, 247, 89, 91]",IX. A szerződés megszűnése,"{'5-Könnyen érthető': 5, '2-Nehezen érthető': 1}",6
"[289, 130, 263, 279, 213, 534, 823, 248, 90, 92]","9.1 A szerződés megszűnik: (a) a Bank azonnali hatályú felmondásával, (b) a Bank vagy az Ügyfél rendes felmondásával, (c) közös megegyezéssel a Bank és az Ügyfél által meghatározott időpontban, (d) valamennyi e-bank azonosító kártya lejárati idejével, ha új azonosító kártya kibocsátására nem kerül sor, (e) az Ügyfél halálával, illetve jogutód nélkül történő megszűnésével, (f) a szolgáltatás alapjául szolgáló bankszámlaszerződés(ek) bármilyen okból történő megszűnésével.","{'3-Többé/kevésbé megértem': 5, '5-Könnyen érthető': 2, '4-Érthető': 3, '2-Nehezen érthető': 1}",11
"[280, 290, 131, 264, 214, 535, 824, 249, 91, 93]","9.2 A szerződést a Bank indokolás nélkül, írásban 30 naptári napos felmondási idővel jogosult felmondani (rendes felmondás).","{'5-Könnyen érthető': 10, '4-Érthető': 1}",11
"[291, 132, 281, 265, 215, 536, 825, 250, 92, 94]","9.3 A szerződés bármely okból történő megszűnésekor az Ügyfél és valamennyi Felhasználó hozzáférési joga is megszűnik, amelynek következtében a szolgáltatás igénybevételére a továbbiakban nincsen lehetőség.","{'5-Könnyen érthető': 6, '4-Érthető': 5}",11
"[292, 133, 266, 282, 216, 537, 826, 251, 93, 95]","9.4 Az Ügyfél rendes felmondással a szerződést – amennyiben ezen eszközöket az e-bank szolgáltatáshoz igényelte - az e-bank azonosító kártya és az olvasó honos bankfiókban történő egyidejű leadása mellett, a Bankkal szemben fennálló, valamennyi fizetési kötelezettségének egyidejű teljesítése mellett, bármikor, 30 naptári napos felmondási határidővel jogosult megszüntetni.","{'5-Könnyen érthető': 1, '4-Érthető': 5, '3-Többé/kevésbé megértem': 5}",11
"[96, 293, 134, 267, 283, 217, 538, 827, 252, 94]","9.5 Ügyfél köteles – amennyiben ezen eszközöket az e-bank szolgáltatáshoz igényelte - az e-bank azonosító kártyát, valamint az olvasót a szerződés megszűnésekor a Banknak a megszűnés napjától számított 15 naptári napon belül visszaadni. A visszaadás elmulasztásából eredő valamennyi kár az Ügyfelet terheli. Amennyiben a szerződés megszűnésekor az Ügyfél az olvasót nem, vagy nem megfelelő (a rendeltetésszerű használatot meghaladó mértékben elhasználódott) állapotban vagy késedelmesen szolgáltatja vissza, köteles az olvasó térítési díját a Banknak megfizetni. Ennek késedelmes teljesítése, illetve elmaradása esetén a Bank jogosult az olvasó térítési díját az Ügyféllel szemben haladéktalanul érvényesíteni. Az olvasó térítési díját a Hirdetmény tartalmazza.","{'3-Többé/kevésbé megértem': 7, '4-Érthető': 1, '2-Nehezen érthető': 3}",11
"[97, 294, 135, 268, 284, 218, 539, 828, 253, 95]",9.6 A Bank az Ügyfél súlyos szerződésszegése esetén jogosult a szerződést azonnali hatállyal felmondani. A Bank a felmondás elküldésével egy időben megszünteti az Ügyfél/Felhasználó jogosultságát a szolgáltatás igénybevételére.,"{'5-Könnyen érthető': 4, '4-Érthető': 7}",11
"[96, 98, 295, 136, 269, 285, 219, 540, 829, 254]","9.7 A szerződés bármely okból történő megszűnése nem érinti az Ügyfél egyéb, a Bankkal szemben fennálló szerződéses kapcsolatát.","{'5-Könnyen érthető': 8, '4-Érthető': 2, '3-Többé/kevésbé megértem': 1}",11
"[256, 98, 100, 287, 297, 138, 271, 221, 542, 831]","10.1 A Bank fenntartja a jogot arra, hogy az ÁSZF-ben és a vonatkozó Hirdetményekben foglaltakat a bel- és külföldi pénzügyi viszonyok, a jogszabályok, vagy az ÁSZF-ben foglalt szolgáltatásra, valamint az Ügyfélre vonatkozó kockázat megváltozását felismerve, ahhoz, valamint a Bank üzletpolitikájához igazodva egyoldalúan módosítsa. A módosításra irányuló ajánlatról a Bank a szerződési feltételek esetén közvetlenül, Hirdetményi kondíciók esetén Hirdetmény útján a módosítás hatálybalépése előtt 30 naptári nappal értesíti az Ügyfelet. Amennyiben a módosítást az Ügyfél nem fogadja el, jogosult a szerződést az ajánlat kézhezvételétől, illetve a Hirdetmény közzétételétől számított 30 naptári napon belül felmondani (mely esetben a Bank a szolgáltatást letiltja), ellenkező esetben az Ügyfélre vonatkozóan a módosítás hatályba lép. A 30 naptári napos felmondási idő lejáratáig a szerződés az eredeti feltételekkel áll fenn.","{'2-Nehezen érthető': 4, '3-Többé/kevésbé megértem': 2, '1-Nagyon nehezen érthető': 4, '4-Érthető': 1}",11
"[832, 257, 288, 99, 101, 298, 139, 272, 222, 543]","10.2 A Bank az Ügyfél részére küldendő írásos értesítéseit postai úton, az igénylőlapon megjelölt értesítési címre, illetőleg elektronikus úton küldi. A Bank az értesítés kézhezvételének, illetve elektronikus út esetén hozzáférésének elmaradásáért és az ebből származó esetleges károkért felelősségét kizárja.","{'5-Könnyen érthető': 3, '4-Érthető': 7, '2-Nehezen érthető': 1}",11
"[544, 833, 258, 289, 100, 102, 299, 140, 273, 223]","10.3 Az ÁSZF-ben nem szabályozott kérdésekben a Polgári Törvénykönyvről szóló 1959. évi IV. törvényben, a vonatkozó mindenkori pénzforgalmi valamint az elektronikus fizetési eszközökről szóló jogszabályokban, valamint a Bank Üzletszabályzatában, a tranzakciós szerződésekben, a bankszámla ÁSZF-ben foglaltak az irányadók.","{'4-Érthető': 4, '3-Többé/kevésbé megértem': 2, '2-Nehezen érthető': 4, '1-Nagyon nehezen érthető': 1}",11
"[224, 545, 834, 259, 290, 101, 103, 300, 141, 274]","10.4 A Bank fenntartja a jogot arra, hogy a szolgáltatás színvonalának bővítéséhez, az alkalmazások fejlesztéséhez kapcsolódóan időről időre, frissítse, kiegészítse a felhasználói kézikönyvet. A felhasználói kézikönyv frissítése semmilyen körülmények között nem jelenti a szerződés módosítását, arról a Bank elektronikus formában a „Bank üzeneteiben” tájékoztatja az Ügyfelet.","{'4-Érthető': 6, '5-Könnyen érthető': 3, '3-Többé/kevésbé megértem': 1, '2-Nehezen érthető': 1}",11
"[176, 18, 20, 58, 125, 7838, 191]",II. Általános rendelkezések,"{'5-Könnyen érthető': 8, '1-Nagyon nehezen érthető': 1}",9
"[69, 7849, 202, 473, 187, 29, 31]","III. Felek jogai, kötelezettségei, felelőssége, a megbízások kezelése, az azonosítás","{'5-Könnyen érthető': 6, '4-Érthető': 2, '1-Nagyon nehezen érthető': 1}",9
"[7872, 225, 496, 210, 52, 54, 92]","IV. Az e-bank azonosító kártya, használata, kezelése, letiltása, megújítása, a pótkártya","{'5-Könnyen érthető': 5, '4-Érthető': 2, '2-Nehezen érthető': 1}",8
"[227, 69, 71, 109, 242]",V. Nyilvános helyen történő üzemeltetés,"{'5-Könnyen érthető': 5, '4-Érthető': 1}",6
"[97, 99, 137, 270, 255]",X. Egyéb rendelkezések,"{'5-Könnyen érthető': 4, '1-Nagyon nehezen érthető': 1}",5
